Workbook

Sheet 說明_ReadMe
A1: VMH-EcoMap-20 商機推進漏斗｜使用說明
A2: P1 推進管理工具・對應藍圖 VMH-EcoMap-13・搭配 15 號標案雷達與 21 號投標經濟性試算器使用
B4: ■ 這個工具在解決什麼問題
B5: 生態導覽器盤了 85 門商機、缺口地圖標了 34 省市——但那是「市場上有什麼」，不是「我們推進到哪」。 沒有這張表，三個月後沒有人答得出來：我們談了幾案、卡在哪一關、這季大概能簽多少。這張表就是要把靜態盤點變成會動的管線。
B7: ■ 三個分頁的關係
B8: 階段定義（先講好每一關的判定準則，避免各人認定不同）→ 案件登錄（每一個在談的案子一列，每週更新）→ 月度快照（每月月底複製一次當時的數字，之後才算得出轉換率）。
B10: ■ 最重要的兩個數字
B11: 加權管線值 ＝ 案值 × 階段機率。這是「合理預期會簽到多少」，不是願望清單的加總。 停滯天數 ＝ 今天 − 上次更新日。超過該階段的警戒天數就轉紅——停滯是最誠實的警訊，比任何樂觀評語都準。
B13: ■ 每週 15 分鐘例行
B14: ① 每個負責人更新自己案件的「上次更新日」與「下一步動作」。沒有實際進展就不要改日期，讓它停滯給大家看。 ② 看儀表板的紅色停滯清單，逐案問「卡在哪、誰能解」。 ③ 階段前進必須有證據（見階段定義的判定準則），不能靠感覺升級。
B16: ■ 階段機率怎麼用
B17: 預設機率是起步值，用久了要拿自己的實際轉換率去校正——這就是月度快照的用途。 前三個月的加權管線值一定不準，那沒關係；重點是每月都記一次，半年後這個數字才會開始有預測力。
B19: ■ 與其他工具的銜接
B20: 15 號標案雷達掃到、且決定「投」的標案 → 在這裡開一列案件（把標案編號填在「對應商機／標案」欄）。 案件進到「提案報價」階段 → 用 21 號投標經濟性試算器算我方成本與底價，把毛利率填回這裡。 案件簽約 → 狀態改「贏」，並回填實際案值與實際毛利，這是校正未來估算最珍貴的資料。
... B23: 案值請一律填「千美元」，全表統一才加得起來。毛利率填我方毛利（不是客戶的報酬率）， 若還沒用 21 號試算器算過，先填該類型的經驗值並在備註註明「未試算」。

Sheet 00_儀表板_Dashboard
A1: 儀表板｜Dashboard（全部自動算，不要手改）
A2: ❓這頁在回答：管線健不健康？這季大概簽得到多少？哪些案子卡住了？
B4: 整體管線
B5: 進行中案件數 | C5: =COUNTIFS(01_案件登錄_Pipeline!$W$5:$W$84,"進行中") -> 4 | D5: 件
B6: 管線總值（千USD） | C6: =SUMIFS(01_案件登錄_Pipeline!$I$5:$I$84,01_案件登錄_Pipeline!$W$5:$W$84,"進行中") -> 7370 | D6: 所有進行中案件的案值加總——這是願望上限，不是預期
B7: 加權管線值（千USD） | C7: =SUMIFS(01_案件登錄_Pipeline!$K$5:$K$84,01_案件登錄_Pipeline!$W$5:$W$84,"進行中") -> 2969 | D7: ★ 案值×階段機率。這才是合理預期
B8: 加權毛利（千USD） | C8: =SUMIFS(01_案件登錄_Pipeline!$L$5:$L$84,01_案件登錄_Pipeline!$W$5:$W$84,"進行中") -> 561.06 | D8: 加權案值×我方毛利率
B9: 平均案值（千USD） | C9: =IFERROR(SUMIFS(01_案件登錄_Pipeline!$I$5:$I$84,01_案件登錄_Pipeline!$W$5:$W$84,"進行中")/COUNTIFS(01_案件登錄_Pipeline!$W$5:$W$84,"進行中"),"") -> 1842.5
B10: 停滯案件數 | C10: =COUNTIFS(01_案件登錄_Pipeline!$P$5:$P$84,"⚠ 停滯") -> 1 | D10: ★ 超過該階段警戒天數未更新——每週會議先看這個
B11: 本月到期待辦 | C11: =COUNTIFS(01_案件登錄_Pipeline!$U$5:$U$84,">="&EOMONTH(TODAY(),-1)+1,01_案件登錄_Pipeline!$U$5:$U$84,"<="&EOMONTH(TODAY(),0),01_案件登錄_Pipeline!$W$5:$W$84,"進行中") -> 0 | D11: 下一步到期日落在本月的案件數
B12: 逾期待辦 | C12: =COUNTIFS(01_案件登錄_Pipeline!$U$5:$U$84,"<"&TODAY(),01_案件登錄_Pipeline!$U$5:$U$84,"<>",01_案件登錄_Pipeline!$W$5:$W$84,"進行中") -> 0 | D12: 下一步已經過期還沒動的
B14: 漏斗｜各階段現況
B15: 階段 | C15: 件數 | D15: 案值合計 | E15: 加權案值 | F15: 平均停滯天數 | G15: 占管線總值
B16: S1 線索 | C16: =COUNTIFS(01_案件登錄_Pipeline!$G$5:$G$84,"S1*",01_案件登錄_Pipeline!$W$5:$W$84,"進行中") -> 0 | D16: =SUMIFS(01_案件登錄_Pipeline!$I$5:$I$84,01_案件登錄_Pipeline!$G$5:$G$84,"S1*",01_案件登錄_Pipeline!$W$5:$W$84,"進行中") -> 0 | E16: =SUMIFS(01_案件登錄_Pipeline!$K$5:$K$84,01_案件登錄_Pipeline!$G$5:$G$84,"S1*",01_案件登錄_Pipeline!$W$5:$W$84,"進行中") -> 0 | F16: =IFERROR(AVERAGEIFS(01_案件登錄_Pipeline!$O$5:$O$84,01_案件登錄_Pipeline!$G$5:$G$84,"S1*",01_案件登錄_Pipeline!$W$5:$W$84,"進行中"),"") | G16: =IFERROR(SUMIFS(01_案件登錄_Pipeline!$I$5:$I$84,01_案件登錄_Pipeline!$G$5:$G$84,"S1*",01_案件登錄_Pipeline!$W$5:$W$84,"進行中")/SUMIFS(01_案件登錄_Pipeline!$I$5:$I$84,01_案件登錄_Pipeline!$W$5:$W$84,"進行中"),"") -> 0
B17: S2 接觸確認 | C17: =COUNTIFS(01_案件登錄_Pipeline!$G$5:$G$84,"S2*",01_案件登錄_Pipeline!$W$5:$W$84,"進行中") -> 1 | D17: =SUMIFS(01_案件登錄_Pipeline!$I$5:$I$84,01_案件登錄_Pipeline!$G$5:$G$84,"S2*",01_案件登錄_Pipeline!$W$5:$W$84,"進行中") -> 1400 | E17: =SUMIFS(01_案件登錄_Pipeline!$K$5:$K$84,01_案件登錄_Pipeline!$G$5:$G$84,"S2*",01_案件登錄_Pipeline!$W$5:$W$84,"進行中") -> 280 | F17: =IFERROR(AVERAGEIFS(01_案件登錄_Pipeline!$O$5:$O$84,01_案件登錄_Pipeline!$G$5:$G$84,"S2*",01_案件登錄_Pipeline!$W$5:$W$84,"進行中"),"") -> 51 | G17: =IFERROR(SUMIFS(01_案件登錄_Pipeline!$I$5:$I$84,01_案件登錄_Pipeline!$G$5:$G$84,"S2*",01_案件登錄_Pipeline!$W$5:$W$84,"進行中")/SUMIFS(01_案件登錄_Pipeline!$I$5:$I$84,01_案件登錄_Pipeline!$W$5:$W$84,"進行中"),"") -> 0.18995929
B18: S3 需求成形 | C18: =COUNTIFS(01_案件登錄_Pipeline!$G$5:$G$84,"S3*",01_案件登錄_Pipeline!$W$5:$W$84,"進行中") -> 1 | D18: =SUMIFS(01_案件登錄_Pipeline!$I$5:$I$84,01_案件登錄_Pipeline!$G$5:$G$84,"S3*",01_案件登錄_Pipeline!$W$5:$W$84,"進行中") -> 3200 | E18: =SUMIFS(01_案件登錄_Pipeline!$K$5:$K$84,01_案件登錄_Pipeline!$G$5:$G$84,"S3*",01_案件登錄_Pipeline!$W$5:$W$84,"進行中") -> 1120 | F18: =IFERROR(AVERAGEIFS(01_案件登錄_Pipeline!$O$5:$O$84,01_案件登錄_Pipeline!$G$5:$G$84,"S3*",01_案件登錄_Pipeline!$W$5:$W$84,"進行中"),"") -> 8 | G18: =IFERROR(SUMIFS(01_案件登錄_Pipeline!$I$5:$I$84,01_案件登錄_Pipeline!$G$5:$G$84,"S3*",01_案件登錄_Pipeline!$W$5:$W$84,"進行中")/SUMIFS(01_案件登錄_Pipeline!$I$5:$I$84,01_案件登錄_Pipeline!$W$5:$W$84,"進行中"),"") -> 0.43419267
B19: S4 提案報價 | C19: =COUNTIFS(01_案件登錄_Pipeline!$G$5:$G$84,"S4*",01_案件登錄_Pipeline!$W$5:$W$84,"進行中") -> 1 | D19: =SUMIFS(01_案件登錄_Pipeline!$I$5:$I$84,01_案件登錄_Pipeline!$G$5:$G$84,"S4*",01_案件登錄_Pipeline!$W$5:$W$84,"進行中") -> 1850 | E19: =SUMIFS(01_案件登錄_Pipeline!$K$5:$K$84,01_案件登錄_Pipeline!$G$5:$G$84,"S4*",01_案件登錄_Pipeline!$W$5:$W$84,"進行中") -> 925 | F19: =IFERROR(AVERAGEIFS(01_案件登錄_Pipeline!$O$5:$O$84,01_案件登錄_Pipeline!$G$5:$G$84,"S4*",01_案件登錄_Pipeline!$W$5:$W$84,"進行中"),"") -> 6 | G19: =IFERROR(SUMIFS(01_案件登錄_Pipeline!$I$5:$I$84,01_案件登錄_Pipeline!$G$5:$G$84,"S4*",01_案件登錄_Pipeline!$W$5:$W$84,"進行中")/SUMIFS(01_案件登錄_Pipeline!$I$5:$I$84,01_案件登錄_Pipeline!$W$5:$W$84,"進行中"),"") -> 0.25101764
B20: S5 短名單議價 | C20: =COUNTIFS(01_案件登錄_Pipeline!$G$5:$G$84,"S5*",01_案件登錄_Pipeline!$W$5:$W$84,"進行中") -> 1 | D20: =SUMIFS(01_案件登錄_Pipeline!$I$5:$I$84,01_案件登錄_Pipeline!$G$5:$G$84,"S5*",01_案件登錄_Pipeline!$W$5:$W$84,"進行中") -> 920 | E20: =SUMIFS(01_案件登錄_Pipeline!$K$5:$K$84,01_案件登錄_Pipeline!$G$5:$G$84,"S5*",01_案件登錄_Pipeline!$W$5:$W$84,"進行中") -> 644 | F20: =IFERROR(AVERAGEIFS(01_案件登錄_Pipeline!$O$5:$O$84,01_案件登錄_Pipeline!$G$5:$G$84,"S5*",01_案件登錄_Pipeline!$W$5:$W$84,"進行中"),"") -> 4 | G20: =IFERROR(SUMIFS(01_案件登錄_Pipeline!$I$5:$I$84,01_案件登錄_Pipeline!$G$5:$G$84,"S5*",01_案件登錄_Pipeline!$W$5:$W$84,"進行中")/SUMIFS(01_案件登錄_Pipeline!$I$5:$I$84,01_案件登錄_Pipeline!$W$5:$W$84,"進行中"),"") -> 0.12483039
B21: S6 決標簽約中 | C21: =COUNTIFS(01_案件登錄_Pipeline!$G$5:$G$84,"S6*",01_案件登錄_Pipeline!$W$5:$W$84,"進行中") -> 0 | D21: =SUMIFS(01_案件登錄_Pipeline!$I$5:$I$84,01_案件登錄_Pipeline!$G$5:$G$84,"S6*",01_案件登錄_Pipeline!$W$5:$W$84,"進行中") -> 0 | E21: =SUMIFS(01_案件登錄_Pipeline!$K$5:$K$84,01_案件登錄_Pipeline!$G$5:$G$84,"S6*",01_案件登錄_Pipeline!$W$5:$W$84,"進行中") -> 0 | F21: =IFERROR(AVERAGEIFS(01_案件登錄_Pipeline!$O$5:$O$84,01_案件登錄_Pipeline!$G$5:$G$84,"S6*",01_案件登錄_Pipeline!$W$5:$W$84,"進行中"),"") | G21: =IFERROR(SUMIFS(01_案件登錄_Pipeline!$I$5:$I$84,01_案件登錄_Pipeline!$G$5:$G$84,"S6*",01_案件登錄_Pipeline!$W$5:$W$84,"進行中")/SUMIFS(01_案件登錄_Pipeline!$I$5:$I$84,01_案件登錄_Pipeline!$W$5:$W$84,"進行中"),"") -> 0
B22: S7 已簽約 | C22: =COUNTIFS(01_案件登錄_Pipeline!$G$5:$G$84,"S7*",01_案件登錄_Pipeline!$W$5:$W$84,"進行中") -> 0 | D22: =SUMIFS(01_案件登錄_Pipeline!$I$5:$I$84,01_案件登錄_Pipeline!$G$5:$G$84,"S7*",01_案件登錄_Pipeline!$W$5:$W$84,"進行中") -> 0 | E22: =SUMIFS(01_案件登錄_Pipeline!$K$5:$K$84,01_案件登錄_Pipeline!$G$5:$G$84,"S7*",01_案件登錄_Pipeline!$W$5:$W$84,"進行中") -> 0 | F22: =IFERROR(AVERAGEIFS(01_案件登錄_Pipeline!$O$5:$O$84,01_案件登錄_Pipeline!$G$5:$G$84,"S7*",01_案件登錄_Pipeline!$W$5:$W$84,"進行中"),"") | G22: =IFERROR(SUMIFS(01_案件登錄_Pipeline!$I$5:$I$84,01_案件登錄_Pipeline!$G$5:$G$84,"S7*",01_案件登錄_Pipeline!$W$5:$W$84,"進行中")/SUMIFS(01_案件登錄_Pipeline!$I$5:$I$84,01_案件登錄_Pipeline!$W$5:$W$84,"進行中"),"") -> 0
B25: 結案統計（累計）
B26: 已簽約件數 | C26: =COUNTIFS(01_案件登錄_Pipeline!$W$5:$W$84,"贏") -> 0
B27: 已簽約金額（千USD） | C27: =SUMIFS(01_案件登錄_Pipeline!$I$5:$I$84,01_案件登錄_Pipeline!$W$5:$W$84,"贏") -> 0
B28: 流失件數 | C28: =COUNTIFS(01_案件登錄_Pipeline!$W$5:$W$84,"輸") -> 0
B29: 件數勝率 | C29: =IFERROR(COUNTIFS(01_案件登錄_Pipeline!$W$5:$W$84,"贏")/(COUNTIFS(01_案件登錄_Pipeline!$W$5:$W$84,"贏")+COUNTIFS(01_案件登錄_Pipeline!$W$5:$W$84,"輸")),"")
B30: 金額勝率 | C30: =IFERROR(SUMIFS(01_案件登錄_Pipeline!$I$5:$I$84,01_案件登錄_Pipeline!$W$5:$W$84,"贏")/(SUMIFS(01_案件登錄_Pipeline!$I$5:$I$84,01_案件登錄_Pipeline!$W$5:$W$84,"贏")+SUMIFS(01_案件登錄_Pipeline!$I$5:$I$84,01_案件登錄_Pipeline!$W$5:$W$84,"輸")),"")
B32: 注意：勝率要累積到 10 件以上結案才有參考價值；不到 10 件時請當作方向感，不要拿去做預測。 加權管線值的準確度取決於階段機率，而階段機率要用月度快照的實際轉換率去校正——前三個月不準是正常的。

Sheet 02_階段定義_Stages
A1: 階段定義｜Stage Definitions（先講好每一關長什麼樣，才有共同語言）
A2: ❓這頁在回答：什麼叫「進到下一階段」？ ★ 判定準則是這頁的靈魂——沒有證據不准升級
A3: 圖例： | B3: 要填 | C3: 自動 | D3: （範例）列請參考後刪除或保留當樣板
A4: 階段代碼 | B4: 階段名稱 | C4: 順序 | D4: 預設機率 | E4: 進入這一階段的判定準則（要有什麼證據） | F4: 典型停留天數 | G4: 停滯警戒天數
A5: S1 | B5: 線索 | C5: 1 | D5: 0.1 | E5: 有具名的醫院／單位與可辨識的需求方向。資料來源可以是標案雷達、情報站、夥伴轉介。 | F5: 30 | G5: 45
A6: S2 | B6: 接觸確認 | C6: 2 | D6: 0.2 | E6: 已與對方可辨識的窗口實際對談過（會議紀錄或往來信件為憑），且對方確認此需求存在。 | F6: 30 | G6: 45
A7: S3 | B7: 需求成形 | C7: 3 | D7: 0.35 | E7: 拿得到規格方向、概略預算級距與時程；知道錢從哪來（預算科目／PPP／自籌）。 | F7: 45 | G7: 60
A8: S4 | B8: 提案報價 | C8: 4 | D8: 0.5 | E8: 已正式送出提案或報價。此階段前必須用 21 號試算器算過成本與底價。 | F8: 30 | G8: 45
A9: S5 | B9: 短名單議價 | C9: 5 | D9: 0.7 | E9: 對方書面或明確口頭表示進入短名單／議價階段，開始談商務條件。 | F9: 30 | G9: 45
A10: S6 | B10: 決標簽約中 | C10: 6 | D10: 0.9 | E10: 已決標或進入合約用印程序，剩餘為程序風險。 | F10: 20 | G10: 30
A11: S7 | B11: 已簽約 | C11: 7 | D11: 1 | E11: 合約已簽署生效。此列即轉為實績，回填實際案值與實際毛利。 | F11: 0 | G11: 0
A12: X1 | B12: 流失 | C12: 8 | D12: 0 | E12: 確定未得標、對方取消、或我方主動放棄。務必在「卡關原因」寫下原因，這是最有價值的資料。 | F12: 0 | G12: 0
A13: X2 | B13: 暫停 | C13: 9 | D13: 0 | E13: 對方預算凍結或時程無限期延後，但關係仍在。定期回頭檢視。 | F13: 0 | G13: 0

Sheet 01_案件登錄_Pipeline
A1: 案件登錄｜Pipeline（每一個在談的案子一列，每週更新）
A2: ❓這頁在回答：我們現在談了幾案、卡在哪、這季預期簽多少？ ★ 沒有實際進展就別改「上次更新日」，讓停滯自己現形
A3: 圖例： | B3: 要填 | C3: 自動 | D3: （範例）列請參考後刪除或保留當樣板
A4: 案件ID | B4: 案件名稱 | C4: 對應商機／標案 | D4: 客戶／醫院 | E4: 省市 | F4: 層級 | G4: 階段 | H4: 階段機率 | I4: 預估案值 (千USD) | J4: 我方毛利率 | K4: 加權案值 (千USD) | L4: 加權毛利 (千USD) | M4: 進入本階段日 | N4: 上次更新日 | O4: 停滯天數 | P4: 停滯狀態 | Q4: 預計簽約月 | R4: 負責人 | S4: 主力夥伴 | T4: 下一步動作 | U4: 下一步到期日 | V4: 卡關原因 | W4: 狀態
A5: P-001 | B5: 中央兒童醫院資料中心機房整建 | C5: OPP-23 | D5: 國家兒童醫院 | E5: 河內市 | F5: L1 實體基礎 | G5: S4 提案報價 | H5: =IFERROR(INDEX(02_階段定義_Stages!$D$5:$D$13,MATCH(LEFT($G5,2),02_階段定義_Stages!$A$5:$A$13,0)),"") -> 0.5 | I5: 1850 | J5: 0.22 | K5: =IF(OR($I5="",$H5=""),"",$I5*$H5) -> 925 | L5: =IF(OR($K5="",$J5=""),"",$K5*$J5) -> 203.5 | M5: 2026-07-20 | N5: 2026-08-12 | O5: =IF($N5="","",TODAY()-$N5) -> 6 | P5: =IF($O5="","",IF($O5>IFERROR(INDEX(02_階段定義_Stages!$G$5:$G$13,MATCH(LEFT($G5,2),02_階段定義_Stages!$A$5:$A$13,0)),9999),"⚠ 停滯",IF($O5>14,"注意","正常"))) -> 正常 | Q5: 2026-11 | R5: 陳 | S5: P-07 在地機電 | T5: 追提案回覆，約下次技術澄清會 | U5: 2026-08-25 | W5: 進行中
A6: P-002 | B6: 峴港綜合醫院 UPS 與不斷電系統 | C6: TBMT-2026-0413 | D6: 峴港市綜合醫院 | E6: 峴港市 | F6: L1 實體基礎 | G6: S5 短名單議價 | H6: =IFERROR(INDEX(02_階段定義_Stages!$D$5:$D$13,MATCH(LEFT($G6,2),02_階段定義_Stages!$A$5:$A$13,0)),"") -> 0.7 | I6: 920 | J6: 0.19 | K6: =IF(OR($I6="",$H6=""),"",$I6*$H6) -> 644 | L6: =IF(OR($K6="",$J6=""),"",$K6*$J6) -> 122.36 | M6: 2026-08-01 | N6: 2026-08-14 | O6: =IF($N6="","",TODAY()-$N6) -> 4 | P6: =IF($O6="","",IF($O6>IFERROR(INDEX(02_階段定義_Stages!$G$5:$G$13,MATCH(LEFT($G6,2),02_階段定義_Stages!$A$5:$A$13,0)),9999),"⚠ 停滯",IF($O6>14,"注意","正常"))) -> 正常 | Q6: 2026-10 | R6: 林 | S6: P-12 在地施工 | T6: 議價第二輪，準備讓步方案 | U6: 2026-08-22 | V6: 對方壓價 12%，逼近底價 | W6: 進行中
A7: P-003 | B7: 胡志明市醫學中心冷卻系統汰換 | C7: OPP-31 | D7: 胡志明市醫學中心 | E7: 胡志明市 | F7: L1 實體基礎 | G7: S2 接觸確認 | H7: =IFERROR(INDEX(02_階段定義_Stages!$D$5:$D$13,MATCH(LEFT($G7,2),02_階段定義_Stages!$A$5:$A$13,0)),"") -> 0.2 | I7: 1400 | J7: 0.2 | K7: =IF(OR($I7="",$H7=""),"",$I7*$H7) -> 280 | L7: =IF(OR($K7="",$J7=""),"",$K7*$J7) -> 56 | M7: 2026-06-15 | N7: 2026-06-28 | O7: =IF($N7="","",TODAY()-$N7) -> 51 | P7: =IF($O7="","",IF($O7>IFERROR(INDEX(02_階段定義_Stages!$G$5:$G$13,MATCH(LEFT($G7,2),02_階段定義_Stages!$A$5:$A$13,0)),9999),"⚠ 停滯",IF($O7>14,"注意","正常"))) -> ⚠ 停滯 | Q7: 2027-02 | R7: 陳 | S7: （未定） | T7: 等對方年度預算定案 | U7: 2026-09-30 | V7: 預算尚未編列，卡在院方財務 | W7: 進行中
A8: P-004 | B8: 安沛省立醫院智慧病房 PPP 前期 | C8: OPP-08 | D8: 安沛省立醫院 | E8: 安沛省 | F8: L6 照護營運 | G8: S3 需求成形 | H8: =IFERROR(INDEX(02_階段定義_Stages!$D$5:$D$13,MATCH(LEFT($G8,2),02_階段定義_Stages!$A$5:$A$13,0)),"") -> 0.35 | I8: 3200 | J8: 0.16 | K8: =IF(OR($I8="",$H8=""),"",$I8*$H8) -> 1120 | L8: =IF(OR($K8="",$J8=""),"",$K8*$J8) -> 179.2 | M8: 2026-07-05 | N8: 2026-08-10 | O8: =IF($N8="","",TODAY()-$N8) -> 8 | P8: =IF($O8="","",IF($O8>IFERROR(INDEX(02_階段定義_Stages!$G$5:$G$13,MATCH(LEFT($G8,2),02_階段定義_Stages!$A$5:$A$13,0)),9999),"⚠ 停滯",IF($O8>14,"注意","正常"))) -> 正常 | Q8: 2027-06 | R8: 王 | S8: P-03 系統整合 | T8: 協助院方寫可行性報告初稿 | U8: 2026-09-05 | W8: 進行中
H9: =IFERROR(INDEX(02_階段定義_Stages!$D$5:$D$13,MATCH(LEFT($G9,2),02_階段定義_Stages!$A$5:$A$13,0)),"") | K9: =IF(OR($I9="",$H9=""),"",$I9*$H9) | L9: =IF(OR($K9="",$J9=""),"",$K9*$J9) | O9: =IF($N9="","",TODAY()-$N9) | P9: =IF($O9="","",IF($O9>IFERROR(INDEX(02_階段定義_Stages!$G$5:$G$13,MATCH(LEFT($G9,2),02_階段定義_Stages!$A$5:$A$13,0)),9999),"⚠ 停滯",IF($O9>14,"注意","正常")))
H10: =IFERROR(INDEX(02_階段定義_Stages!$D$5:$D$13,MATCH(LEFT($G10,2),02_階段定義_Stages!$A$5:$A$13,0)),"") | K10: =IF(OR($I10="",$H10=""),"",$I10*$H10) | L10: =IF(OR($K10="",$J10=""),"",$K10*$J10) | O10: =IF($N10="","",TODAY()-$N10) | P10: =IF($O10="","",IF($O10>IFERROR(INDEX(02_階段定義_Stages!$G$5:$G$13,MATCH(LEFT($G10,2),02_階段定義_Stages!$A$5:$A$13,0)),9999),"⚠ 停滯",IF($O10>14,"注意","正常")))
H11: =IFERROR(INDEX(02_階段定義_Stages!$D$5:$D$13,MATCH(LEFT($G11,2),02_階段定義_Stages!$A$5:$A$13,0)),"") | K11: =IF(OR($I11="",$H11=""),"",$I11*$H11) | L11: =IF(OR($K11="",$J11=""),"",$K11*$J11) | O11: =IF($N11="","",TODAY()-$N11) | P11: =IF($O11="","",IF($O11>IFERROR(INDEX(02_階段定義_Stages!$G$5:$G$13,MATCH(LEFT($G11,2),02_階段定義_Stages!$A$5:$A$13,0)),9999),"⚠ 停滯",IF($O11>14,"注意","正常")))
H12: =IFERROR(INDEX(02_階段定義_Stages!$D$5:$D$13,MATCH(LEFT($G12,2),02_階段定義_Stages!$A$5:$A$13,0)),"") | K12: =IF(OR($I12="",$H12=""),"",$I12*$H12) | L12: =IF(OR($K12="",$J12=""),"",$K12*$J12) | O12: =IF($N12="","",TODAY()-$N12) | P12: =IF($O12="","",IF($O12>IFERROR(INDEX(02_階段定義_Stages!$G$5:$G$13,MATCH(LEFT($G12,2),02_階段定義_Stages!$A$5:$A$13,0)),9999),"⚠ 停滯",IF($O12>14,"注意","正常")))
H13: =IFERROR(INDEX(02_階段定義_Stages!$D$5:$D$13,MATCH(LEFT($G13,2),02_階段定義_Stages!$A$5:$A$13,0)),"") | K13: =IF(OR($I13="",$H13=""),"",$I13*$H13) | L13: =IF(OR($K13="",$J13=""),"",$K13*$J13) | O13: =IF($N13="","",TODAY()-$N13) | P13: =IF($O13="","",IF($O13>IFERROR(INDEX(02_階段定義_Stages!$G$5:$G$13,MATCH(LEFT($G13,2),02_階段定義_Stages!$A$5:$A$13,0)),9999),"⚠ 停滯",IF($O13>14,"注意","正常")))
H14: =IFERROR(INDEX(02_階段定義_Stages!$D$5:$D$13,MATCH(LEFT($G14,2),02_階段定義_Stages!$A$5:$A$13,0)),"") | K14: =IF(OR($I14="",$H14=""),"",$I14*$H14) | L14: =IF(OR($K14="",$J14=""),"",$K14*$J14) | O14: =IF($N14="","",TODAY()-$N14) | P14: =IF($O14="","",IF($O14>IFERROR(INDEX(02_階段定義_Stages!$G$5:$G$13,MATCH(LEFT($G14,2),02_階段定義_Stages!$A$5:$A$13,0)),9999),"⚠ 停滯",IF($O14>14,"注意","正常")))
H15: =IFERROR(INDEX(02_階段定義_Stages!$D$5:$D$13,MATCH(LEFT($G15,2),02_階段定義_Stages!$A$5:$A$13,0)),"") | K15: =IF(OR($I15="",$H15=""),"",$I15*$H15) | L15: =IF(OR($K15="",$J15=""),"",$K15*$J15) | O15: =IF($N15="","",TODAY()-$N15) | P15: =IF($O15="","",IF($O15>IFERROR(INDEX(02_階段定義_Stages!$G$5:$G$13,MATCH(LEFT($G15,2),02_階段定義_Stages!$A$5:$A$13,0)),9999),"⚠ 停滯",IF($O15>14,"注意","正常")))
H16: =IFERROR(INDEX(02_階段定義_Stages!$D$5:$D$13,MATCH(LEFT($G16,2),02_階段定義_Stages!$A$5:$A$13,0)),"") | K16: =IF(OR($I16="",$H16=""),"",$I16*$H16) | L16: =IF(OR($K16="",$J16=""),"",$K16*$J16) | O16: =IF($N16="","",TODAY()-$N16) | P16: =IF($O16="","",IF($O16>IFERROR(INDEX(02_階段定義_Stages!$G$5:$G$13,MATCH(LEFT($G16,2),02_階段定義_Stages!$A$5:$A$13,0)),9999),"⚠ 停滯",IF($O16>14,"注意","正常")))
H17: =IFERROR(INDEX(02_階段定義_Stages!$D$5:$D$13,MATCH(LEFT($G17,2),02_階段定義_Stages!$A$5:$A$13,0)),"") | K17: =IF(OR($I17="",$H17=""),"",$I17*$H17) | L17: =IF(OR($K17="",$J17=""),"",$K17*$J17) | O17: =IF($N17="","",TODAY()-$N17) | P17: =IF($O17="","",IF($O17>IFERROR(INDEX(02_階段定義_Stages!$G$5:$G$13,MATCH(LEFT($G17,2),02_階段定義_Stages!$A$5:$A$13,0)),9999),"⚠ 停滯",IF($O17>14,"注意","正常")))
H18: =IFERROR(INDEX(02_階段定義_Stages!$D$5:$D$13,MATCH(LEFT($G18,2),02_階段定義_Stages!$A$5:$A$13,0)),"") | K18: =IF(OR($I18="",$H18=""),"",$I18*$H18) | L18: =IF(OR($K18="",$J18=""),"",$K18*$J18) | O18: =IF($N18="","",TODAY()-$N18) | P18: =IF($O18="","",IF($O18>IFERROR(INDEX(02_階段定義_Stages!$G$5:$G$13,MATCH(LEFT($G18,2),02_階段定義_Stages!$A$5:$A$13,0)),9999),"⚠ 停滯",IF($O18>14,"注意","正常")))
H19: =IFERROR(INDEX(02_階段定義_Stages!$D$5:$D$13,MATCH(LEFT($G19,2),02_階段定義_Stages!$A$5:$A$13,0)),"") | K19: =IF(OR($I19="",$H19=""),"",$I19*$H19) | L19: =IF(OR($K19="",$J19=""),"",$K19*$J19) | O19: =IF($N19="","",TODAY()-$N19) | P19: =IF($O19="","",IF($O19>IFERROR(INDEX(02_階段定義_Stages!$G$5:$G$13,MATCH(LEFT($G19,2),02_階段定義_Stages!$A$5:$A$13,0)),9999),"⚠ 停滯",IF($O19>14,"注意","正常")))
H20: =IFERROR(INDEX(02_階段定義_Stages!$D$5:$D$13,MATCH(LEFT($G20,2),02_階段定義_Stages!$A$5:$A$13,0)),"") | K20: =IF(OR($I20="",$H20=""),"",$I20*$H20) | L20: =IF(OR($K20="",$J20=""),"",$K20*$J20) | O20: =IF($N20="","",TODAY()-$N20) | P20: =IF($O20="","",IF($O20>IFERROR(INDEX(02_階段定義_Stages!$G$5:$G$13,MATCH(LEFT($G20,2),02_階段定義_Stages!$A$5:$A$13,0)),9999),"⚠ 停滯",IF($O20>14,"注意","正常")))
... H84: =IFERROR(INDEX(02_階段定義_Stages!$D$5:$D$13,MATCH(LEFT($G84,2),02_階段定義_Stages!$A$5:$A$13,0)),"") | K84: =IF(OR($I84="",$H84=""),"",$I84*$H84) | L84: =IF(OR($K84="",$J84=""),"",$K84*$J84) | O84: =IF($N84="","",TODAY()-$N84) | P84: =IF($O84="","",IF($O84>IFERROR(INDEX(02_階段定義_Stages!$G$5:$G$13,MATCH(LEFT($G84,2),02_階段定義_Stages!$A$5:$A$13,0)),9999),"⚠ 停滯",IF($O84>14,"注意","正常")))

Sheet 03_月度快照_Snapshot
A1: 月度快照｜Monthly Snapshot（每月月底把儀表板的漏斗表複製一份到這裡）
A2: ❓這頁在回答：我們的階段機率估得準不準？管線是在長大還是在萎縮？ ★ 這頁要養半年才有價值，但不從今天開始就永遠沒有
A3: 圖例： | B3: 要填 | C3: 自動 | D3: （範例）列請參考後刪除或保留當樣板
A4: 快照月份 | B4: 階段 | C4: 件數 | D4: 案值合計(千USD) | E4: 加權案值(千USD) | F4: 當月新增件數 | G4: 當月簽約件數 | H4: 當月流失件數 | I4: 備註
A5: 2026-07 | B5: S1 線索 | C5: 6 | D5: 4200 | E5: 420 | F5: 3 | G5: 0 | H5: 1 | I5: 首次建立快照
A6: 2026-07 | B6: S4 提案報價 | C6: 2 | D6: 2100 | E6: 1050 | F6: 1 | G6: 0 | H6: 0

Sheet _選單_Lists
A1: 階段 | B1: 層級 | C1: 案件狀態
A2: S1 線索 | B2: L1 實體基礎 | C2: 進行中
A3: S2 接觸確認 | B3: L2 數位基礎 | C3: 贏
A4: S3 需求成形 | B4: L3 臨床設備 | C4: 輸
A5: S4 提案報價 | B5: L4 資料平台 | C5: 暫停
A6: S5 短名單議價 | B6: L5 智慧應用
A7: S6 決標簽約中 | B7: L6 照護營運
A8: S7 已簽約 | B8: L7 商模金流
A9: X1 流失 | B9: G 治理合規
A10: X2 暫停
