Workbook

Sheet 說明_ReadMe
A1: VMH-EcoMap-25 風險登錄與情境模擬｜使用說明
A2: P3 執行交付工具・依 ISO 31000 框架・情境模擬在 HTML 版執行
B4: ■ 這個工具在回答什麼
B5: 什麼會出事？多大機率、多痛？誰負責盯？全部加起來的曝險是多少？ 風險管理不是悲觀，是把「可能出事的地方」變成有人負責、有期限、有處理計畫的清單——跟願望和運氣脫鉤。
B7: ■ 評分錨定（避免每個人打的分不一樣）
B8: 機率 1–5：1＝五年一遇(<5%)、2＝偶爾(5-20%)、3＝可能(20-50%)、4＝很可能(50-80%)、5＝幾乎確定(>80%)。 衝擊 1–5：1＝可吸收(<10 千USD)、2＝有感(10-50)、3＝傷毛利(50-150)、4＝傷本案存亡(150-400)、5＝傷公司(>400)。 曝險期望值 ＝ 機率中值 × 衝擊金額——這是排序用的，不是預測值。
B10: ■ 三點估計（給情境模擬用）
B11: 每個要進模擬的風險，填「最樂觀／最可能／最悲觀」三個金額。 HTML 版會用三角分布抽樣一萬次，跑出全案毛利的 P10／P50／P90 分布—— P10（悲觀情境）如果低於 21 號的走人價底線，代表這一案沒有容錯空間。
B13: ■ 每月風險例行（併入交付會議）
B14: ① 逐條看前 10 大風險：機率或衝擊變了就改分數，處理動作有沒有做。 ② 新風險當場登錄——會議裡說出口的擔心，不落帳就會消失。 ③ 已關閉的風險改狀態留檔，這是下一案的檢查清單來源。
B16: ■ 與其他工具的銜接
B17: 風險掛在案件ID 下（全聯盟層級的風險填「聯盟」）。 評估出的風險準備建議值，回填 21 號「風險準備率」參數——取代拍腦袋的 5%。 匯率、關稅、延誤三個情境參數與 21 號敏感度頁共用同一套定義。

Sheet 00_儀表板_Dashboard
A1: 儀表板｜Dashboard（自動；矩陣圖與模擬請開 HTML 版）
A2: ❓這頁在回答：整體曝險多大？該建議多少風險準備？
B5: 開放風險數 | C5: =COUNTIFS(01_風險登錄冊_Register!$N$5:$N$54,"開放") -> 6
B6: 紅區風險數（分數≥12） | C6: =COUNTIFS(01_風險登錄冊_Register!$G$5:$G$54,">=12",01_風險登錄冊_Register!$N$5:$N$54,"開放") -> 1 | D6: 機率×衝擊≥12：本週就要有動作
B7: 總曝險期望值（千USD） | C7: =SUMIFS(01_風險登錄冊_Register!$I$5:$I$54,01_風險登錄冊_Register!$N$5:$N$54,"開放") -> 209.9 | D7: 排序用的期望值加總，不是預測值
B8: 逾期未複查 | C8: =COUNTIFS(01_風險登錄冊_Register!$M$5:$M$54,"<"&TODAY(),01_風險登錄冊_Register!$N$5:$N$54,"開放",01_風險登錄冊_Register!$M$5:$M$54,"<>") -> 0 | D8: 風險清單不複查就是裝飾品
B9: 建議風險準備率 | C9: =IFERROR(SUMIFS(01_風險登錄冊_Register!$I$5:$I$54,01_風險登錄冊_Register!$N$5:$N$54,"開放",01_風險登錄冊_Register!$B$5:$B$54,"P-002")/745,"") -> 0.21731544 | D9: 本案曝險期望值 ÷ 成本預算——回填 21 號的「風險準備率」
B11: 5×5 矩陣圖、曝險排行、蒙地卡羅模擬（P10/P50/P90）請開 HTML 版 tools/risk.html——模擬在您的瀏覽器內執行一萬次抽樣，資料不上傳。

Sheet 01_風險登錄冊_Register
A1: 風險登錄冊｜Risk Register
A2: ❓這頁在回答：什麼會出事、多大機率、多痛、誰負責？
A3: 圖例： | B3: 要填 | C3: 自動 | D3: （範例為虛構，參考後換成真實風險）
A4: 風險ID | B4: 案件ID | C4: 風險描述 | D4: 類別 | E4: 機率(1-5) | F4: 衝擊(1-5) | G4: 風險分數 | H4: 衝擊金額(千USD) | I4: 曝險期望值 | J4: 處理策略 | K4: 處理動作 | L4: 負責人 | M4: 複查日 | N4: 狀態 | O4: 最樂觀(千USD) | P4: 最可能(千USD) | Q4: 最悲觀(千USD)
A5: R-001 | B5: P-002 | C5: 設備海運延誤導致工期順延 | D5: 時程 | E5: 3 | F5: 3 | G5: =IF(OR($E5="",$F5=""),"",$E5*$F5) -> 9 | H5: 80 | I5: =IF(OR($E5="",$H5=""),"",ROUND($H5*INDEX(_選單_Lists!$B$2:$B$6,MATCH($E5,_選單_Lists!$A$2:$A$6,0)),1)) -> 28 | J5: 減輕 | K5: 提前 3 週訂艙；合約列不可抗力條款 | L5: 林 | M5: 2026-09-30 | N5: 開放 | O5: 20 | P5: 60 | Q5: 150
A6: R-002 | B6: P-002 | C6: VND 貶值推高在地施工成本 | D6: 財務 | E6: 3 | F6: 2 | G6: =IF(OR($E6="",$F6=""),"",$E6*$F6) -> 6 | H6: 45 | I6: =IF(OR($E6="",$H6=""),"",ROUND($H6*INDEX(_選單_Lists!$B$2:$B$6,MATCH($E6,_選單_Lists!$A$2:$A$6,0)),1)) -> 15.8 | J6: 移轉 | K6: 在地合約以 VND 計價鎖總價 | L6: 陳 | M6: 2026-09-30 | N6: 開放 | O6: 0 | P6: 30 | Q6: 90
A7: R-003 | B7: P-002 | C7: 醫院機房土建交付延遲 | D7: 時程 | E7: 4 | F7: 3 | G7: =IF(OR($E7="",$F7=""),"",$E7*$F7) -> 12 | H7: 100 | I7: =IF(OR($E7="",$H7=""),"",ROUND($H7*INDEX(_選單_Lists!$B$2:$B$6,MATCH($E7,_選單_Lists!$A$2:$A$6,0)),1)) -> 65 | J7: 移轉 | K7: 合約明訂前置條件與延誤責任歸屬 | L7: 林 | M7: 2026-08-31 | N7: 開放 | O7: 30 | P7: 90 | Q7: 200
A8: R-004 | B8: P-002 | C8: 驗收標準認定分歧 | D8: 範疇 | E8: 2 | F8: 4 | G8: =IF(OR($E8="",$F8=""),"",$E8*$F8) -> 8 | H8: 180 | I8: =IF(OR($E8="",$H8=""),"",ROUND($H8*INDEX(_選單_Lists!$B$2:$B$6,MATCH($E8,_選單_Lists!$A$2:$A$6,0)),1)) -> 21.6 | J8: 減輕 | K8: SAT 測試腳本開工前雙方簽認 | L8: 王 | M8: 2026-10-15 | N8: 開放 | O8: 0 | P8: 80 | Q8: 300
A9: R-005 | B9: 聯盟 | C9: 關鍵夥伴（唯一來源）退出 | D9: 聯盟 | E9: 2 | F9: 5 | G9: =IF(OR($E9="",$F9=""),"",$E9*$F9) -> 10 | H9: 400 | I9: =IF(OR($E9="",$H9=""),"",ROUND($H9*INDEX(_選單_Lists!$B$2:$B$6,MATCH($E9,_選單_Lists!$A$2:$A$6,0)),1)) -> 48 | J9: 減輕 | K9: 22 號體檢的第二來源計畫 | L9: 總座 | M9: 2026-12-31 | N9: 開放 | O9: 0 | P9: 200 | Q9: 600
A10: R-006 | B10: P-002 | C10: 保固期電網品質造成設備損壞爭議 | D10: 品質 | E10: 3 | F10: 3 | G10: =IF(OR($E10="",$F10=""),"",$E10*$F10) -> 9 | H10: 90 | I10: =IF(OR($E10="",$H10=""),"",ROUND($H10*INDEX(_選單_Lists!$B$2:$B$6,MATCH($E10,_選單_Lists!$A$2:$A$6,0)),1)) -> 31.5 | J10: 減輕 | K10: 合約排除電網因素；裝電力品質記錄器 | L10: 林 | M10: 2026-11-30 | N10: 開放 | O10: 20 | P10: 70 | Q10: 180
G11: =IF(OR($E11="",$F11=""),"",$E11*$F11) | I11: =IF(OR($E11="",$H11=""),"",ROUND($H11*INDEX(_選單_Lists!$B$2:$B$6,MATCH($E11,_選單_Lists!$A$2:$A$6,0)),1))
G12: =IF(OR($E12="",$F12=""),"",$E12*$F12) | I12: =IF(OR($E12="",$H12=""),"",ROUND($H12*INDEX(_選單_Lists!$B$2:$B$6,MATCH($E12,_選單_Lists!$A$2:$A$6,0)),1))
G13: =IF(OR($E13="",$F13=""),"",$E13*$F13) | I13: =IF(OR($E13="",$H13=""),"",ROUND($H13*INDEX(_選單_Lists!$B$2:$B$6,MATCH($E13,_選單_Lists!$A$2:$A$6,0)),1))
G14: =IF(OR($E14="",$F14=""),"",$E14*$F14) | I14: =IF(OR($E14="",$H14=""),"",ROUND($H14*INDEX(_選單_Lists!$B$2:$B$6,MATCH($E14,_選單_Lists!$A$2:$A$6,0)),1))
G15: =IF(OR($E15="",$F15=""),"",$E15*$F15) | I15: =IF(OR($E15="",$H15=""),"",ROUND($H15*INDEX(_選單_Lists!$B$2:$B$6,MATCH($E15,_選單_Lists!$A$2:$A$6,0)),1))
G16: =IF(OR($E16="",$F16=""),"",$E16*$F16) | I16: =IF(OR($E16="",$H16=""),"",ROUND($H16*INDEX(_選單_Lists!$B$2:$B$6,MATCH($E16,_選單_Lists!$A$2:$A$6,0)),1))
G17: =IF(OR($E17="",$F17=""),"",$E17*$F17) | I17: =IF(OR($E17="",$H17=""),"",ROUND($H17*INDEX(_選單_Lists!$B$2:$B$6,MATCH($E17,_選單_Lists!$A$2:$A$6,0)),1))
G18: =IF(OR($E18="",$F18=""),"",$E18*$F18) | I18: =IF(OR($E18="",$H18=""),"",ROUND($H18*INDEX(_選單_Lists!$B$2:$B$6,MATCH($E18,_選單_Lists!$A$2:$A$6,0)),1))
G19: =IF(OR($E19="",$F19=""),"",$E19*$F19) | I19: =IF(OR($E19="",$H19=""),"",ROUND($H19*INDEX(_選單_Lists!$B$2:$B$6,MATCH($E19,_選單_Lists!$A$2:$A$6,0)),1))
G20: =IF(OR($E20="",$F20=""),"",$E20*$F20) | I20: =IF(OR($E20="",$H20=""),"",ROUND($H20*INDEX(_選單_Lists!$B$2:$B$6,MATCH($E20,_選單_Lists!$A$2:$A$6,0)),1))
G21: =IF(OR($E21="",$F21=""),"",$E21*$F21) | I21: =IF(OR($E21="",$H21=""),"",ROUND($H21*INDEX(_選單_Lists!$B$2:$B$6,MATCH($E21,_選單_Lists!$A$2:$A$6,0)),1))
G22: =IF(OR($E22="",$F22=""),"",$E22*$F22) | I22: =IF(OR($E22="",$H22=""),"",ROUND($H22*INDEX(_選單_Lists!$B$2:$B$6,MATCH($E22,_選單_Lists!$A$2:$A$6,0)),1))
... G54: =IF(OR($E54="",$F54=""),"",$E54*$F54) | I54: =IF(OR($E54="",$H54=""),"",ROUND($H54*INDEX(_選單_Lists!$B$2:$B$6,MATCH($E54,_選單_Lists!$A$2:$A$6,0)),1))

Sheet 02_情境參數_Scenario
A1: 情境參數｜Scenario（與 21 號敏感度頁共用定義）
A2: ❓模擬的基準：本案的報價與成本（自 21 號帶入）
A3: 圖例： | B3: 要填 | C3: 自動 | D3: （範例為虛構，參考後換成真實風險）
B5: 案件ID | C5: P-002
B6: 報價（千USD） | C6: 920 | D6: 自 21 號報價與毛利頁
B7: 基準總成本（千USD） | C7: 745 | D7: 自 21 號總成本
B8: 基準毛利（千USD） | C8: =C6-C7 -> 175 | D8: 報價 − 總成本
B10: 模擬邏輯：毛利分布 ＝ 基準毛利 − Σ(各開放風險的三角分布抽樣值×發生與否)。 每個風險依機率決定「發生／不發生」，發生時的損失金額從（最樂觀,最可能,最悲觀）三角分布抽出。 這頁只存參數；抽樣運算在 HTML 版做，Excel 保持輕巧。

Sheet _選單_Lists
A1: 機率分數 | B1: 中值機率 | C1: 說明 | D1: 類別 | E1: 處理策略 | F1: 狀態
A2: 1 | B2: 0.03 | C2: 五年一遇 <5% | D2: 時程 | E2: 規避 | F2: 開放
A3: 2 | B3: 0.12 | C3: 偶爾 5-20% | D3: 財務 | E3: 減輕 | F3: 已關閉
A4: 3 | B4: 0.35 | C4: 可能 20-50% | D4: 範疇 | E4: 移轉 | F4: 已發生
A5: 4 | B5: 0.65 | C5: 很可能 50-80% | D5: 品質 | E5: 承受
A6: 5 | B6: 0.9 | C6: 幾乎確定 >80% | D6: 聯盟
D7: 法規
D8: 其他
